-- DML

INSERT INTO Department (acronym, name) VALUES ('DeSCI', 'Department of Sciences');

INSERT INTO Faculty (name, department_acronym) VALUES ('Computer Science', 'DeSCI');

INSERT INTO Degree (id, name, faculty_name) VALUES (1, 'Bachelor of Science', 'Computer Science');
INSERT INTO Degree (id, name, faculty_name) VALUES (2, 'Master of Science', 'Computer Science');
INSERT INTO Degree (id, name, faculty_name) VALUES (3, 'Doctor of Philosophy', 'Computer Science');

INSERT INTO Professor (id, name, email, department_acronym, surname) VALUES (1, 'John Doe', 'john.doe@unisample.com', 'DeSCI', 'Doe');
INSERT INTO Professor (id, name, email, department_acronym, surname) VALUES (2, 'Jane Smith', 'jane.smith@unisample.com', 'DeSCI', 'Smith');
INSERT INTO Professor (id, name, email, department_acronym, surname) VALUES (3, 'Alice Johnson', 'alice.johnson@unisample.com', 'DeSCI', 'Johnson');
INSERT INTO Professor (id, name, email, department_acronym, surname) VALUES (4, 'Bob Brown', 'bob.brown@unisample.com', 'DeSCI', 'Brown');
INSERT INTO Professor (id, name, email, department_acronym, surname) VALUES (5, 'Charlie Davis', 'charlie.davis@unisample.com', 'DeSCI', 'Davis');
INSERT INTO Professor (id, name, email, department_acronym, surname) VALUES (6, 'Diana Evans', 'diana.evans@unisample.com', 'DeSCI', 'Evans');
INSERT INTO Professor (id, name, email, department_acronym, surname) VALUES (7, 'Ethan Wilson', 'ethan.wilson@unisample.com', 'DeSCI', 'Wilson');
INSERT INTO Professor (id, name, email, department_acronym, surname) VALUES (8, 'Fiona Taylor', 'fiona.taylor@unisample.com', 'DeSCI', 'Taylor');
INSERT INTO Professor (id, name, email, department_acronym, surname) VALUES (9, 'George Anderson', 'george.anderson@unisample.com', 'DeSCI', 'Anderson');
INSERT INTO Professor (id, name, email, department_acronym, surname) VALUES (10, 'Hannah Thomas', 'hannah.thomas@unisample.com', 'DeSCI', 'Thomas');
INSERT INTO Professor (id, name, email, department_acronym, surname) VALUES (11, 'Ian Martinez', 'ian.martinez@unisample.com', 'DeSCI', 'Martinez');
INSERT INTO Professor (id, name, email, department_acronym, surname) VALUES (12, 'Julia Garcia', 'julia.garcia@unisample.com', 'DeSCI', 'Garcia');
INSERT INTO Professor (id, name, email, department_acronym, surname) VALUES (13, 'Kevin Rodriguez', 'kevin.rodriguez@unisample.com', 'DeSCI', 'Rodriguez');
INSERT INTO Professor (id, name, email, department_acronym, surname) VALUES (14, 'Laura Martinez', 'laura.martinez@unisample.com', 'DeSCI', 'Martinez');
INSERT INTO Professor (id, name, email, department_acronym, surname) VALUES (15, 'Michael Brown', 'michael.brown@unisample.com', 'DeSCI', 'Brown');
INSERT INTO Professor (id, name, email, department_acronym, surname) VALUES (16, 'Nina Wilson', 'nina.wilson@unisample.com', 'DeSCI', 'Wilson');
INSERT INTO Professor (id, name, email, department_acronym, surname) VALUES (17, 'Oscar Lee', 'oscar.lee@unisample.com', 'DeSCI', 'Lee');
INSERT INTO Professor (id, name, email, department_acronym, surname) VALUES (18, 'Paula Harris', 'paula.harris@unisample.com', 'DeSCI', 'Harris');
INSERT INTO Professor (id, name, email, department_acronym, surname) VALUES (19, 'Quentin Young', 'quentin.young@unisample.com', 'DeSCI', 'Young');
INSERT INTO Professor (id, name, email, department_acronym, surname) VALUES (20, 'Rachel King', 'rachel.king@unisample.com', 'DeSCI', 'King');

INSERT INTO Course (id, title, credits, year, semester, department_acronym, degree_name, professor_id) VALUES (1, 'Introduction to Computer Science', 3, 2023, 'Fall', 'DeSCI', 'Bachelor of Science', 1);
INSERT INTO Course (id, title, credits, year, semester, department_acronym, degree_name, professor_id) VALUES (2, 'Data Structures', 3, 2023, 'Fall', 'DeSCI', 'Bachelor of Science', 2);
INSERT INTO Course (id, title, credits, year, semester, department_acronym, degree_name, professor_id) VALUES (3, 'Algorithms', 3, 2023, 'Fall', 'DeSCI', 'Bachelor of Science', 3);
INSERT INTO Course (id, title, credits, year, semester, department_acronym, degree_name, professor_id) VALUES (4, 'Operating Systems', 3, 2023, 'Fall', 'DeSCI', 'Bachelor of Science', 4);
INSERT INTO Course (id, title, credits, year, semester, department_acronym, degree_name, professor_id) VALUES (5, 'Database Systems', 3, 2023, 'Fall', 'DeSCI', 'Bachelor of Science', 5);
INSERT INTO Course (id, title, credits, year, semester, department_acronym, degree_name, professor_id) VALUES (6, 'Software Engineering', 3, 2023, 'Fall', 'DeSCI', 'Bachelor of Science', 6);
INSERT INTO Course (id, title, credits, year, semester, department_acronym, degree_name, professor_id) VALUES (7, 'Computer Networks', 3, 2023, 'Fall', 'DeSCI', 'Bachelor of Science', 7);
INSERT INTO Course (id, title, credits, year, semester, department_acronym, degree_name, professor_id) VALUES (8, 'Web Development', 3, 2023, 'Fall', 'DeSCI', 'Bachelor of Science', 8);
INSERT INTO Course (id, title, credits, year, semester, department_acronym, degree_name, professor_id) VALUES (9, 'Machine Learning', 3, 2023, 'Fall', 'DeSCI', 'Bachelor of Science', 9);
INSERT INTO Course (id, title, credits, year, semester, department_acronym, degree_name, professor_id) VALUES (10, 'Artificial Intelligence', 3, 2023, 'Fall', 'DeSCI', 'Bachelor of Science', 10);
INSERT INTO Course (id, title, credits, year, semester, department_acronym, degree_name, professor_id) VALUES (11, 'Computer Graphics', 3, 2023, 'Fall', 'DeSCI', 'Bachelor of Science', 11);
INSERT INTO Course (id, title, credits, year, semester, department_acronym, degree_name, professor_id) VALUES (12, 'Human-Computer Interaction', 3, 2023, 'Fall', 'DeSCI', 'Bachelor of Science', 12);
INSERT INTO Course (id, title, credits, year, semester, department_acronym, degree_name, professor_id) VALUES (13, 'Cybersecurity', 3, 2023, 'Fall', 'DeSCI', 'Bachelor of Science', 13);
INSERT INTO Course (id, title, credits, year, semester, department_acronym, degree_name, professor_id) VALUES (14, 'Data Science', 3, 2023, 'Fall', 'DeSCI', 'Bachelor of Science', 14);
INSERT INTO Course (id, title, credits, year, semester, department_acronym, degree_name, professor_id) VALUES (15, 'Cloud Computing', 3, 2023, 'Fall', 'DeSCI', 'Bachelor of Science', 15);
INSERT INTO Course (id, title, credits, year, semester, department_acronym, degree_name, professor_id) VALUES (16, 'Mobile App Development', 3, 2023, 'Fall', 'DeSCI', 'Bachelor of Science', 16);
INSERT INTO Course (id, title, credits, year, semester, department_acronym, degree_name, professor_id) VALUES (17, 'Big Data', 3, 2023, 'Fall', 'DeSCI', 'Bachelor of Science', 17);
INSERT INTO Course (id, title, credits, year, semester, department_acronym, degree_name, professor_id) VALUES (18, 'Distributed Systems', 3, 2023, 'Fall', 'DeSCI', 'Bachelor of Science', 18);
INSERT INTO Course (id, title, credits, year, semester, department_acronym, degree_name, professor_id) VALUES (19, 'Computer Vision', 3, 2023, 'Fall', 'DeSCI', 'Bachelor of Science', 19);
INSERT INTO Course (id, title, credits, year, semester, department_acronym, degree_name, professor_id) VALUES (20, 'Natural Language Processing', 3, 2023, 'Fall', 'DeSCI', 'Bachelor of Science', 20);

INSERT INTO Transcript (id, status, credits, year, created_at, updated_at, degree_name) VALUES (1, 'Concluded', 120, '2', CURRENT_TIMESTAMP, CURRENT_TIMESTAMP, 'Bachelor of Science');
INSERT INTO Transcript (id, status, credits, year, created_at, updated_at, degree_name) VALUES (2, 'Failing', 60, '3', CURRENT_TIMESTAMP, CURRENT_TIMESTAMP, 'Master of Science');
INSERT INTO Transcript (id, status, credits, year, created_at, updated_at, degree_name) VALUES (3, 'Failing', 30, '3', CURRENT_TIMESTAMP, CURRENT_TIMESTAMP, 'Doctor of Philosophy');
INSERT INTO Transcript (id, status, credits, year, created_at, updated_at, degree_name) VALUES (4, 'Ongoing', 90, '2', CURRENT_TIMESTAMP, CURRENT_TIMESTAMP, 'Bachelor of Science');
INSERT INTO Transcript (id, status, credits, year, created_at, updated_at, degree_name) VALUES (5, 'Ongoing', 45, '2', CURRENT_TIMESTAMP, CURRENT_TIMESTAMP, 'Master of Science');
INSERT INTO Transcript (id, status, credits, year, created_at, updated_at, degree_name) VALUES (6, 'Concluded', 15, '1', CURRENT_TIMESTAMP, CURRENT_TIMESTAMP, 'Doctor of Philosophy');
INSERT INTO Transcript (id, status, credits, year, created_at, updated_at, degree_name) VALUES (7, 'Failing', 75, '3', CURRENT_TIMESTAMP, CURRENT_TIMESTAMP, 'Bachelor of Science');
INSERT INTO Transcript (id, status, credits, year, created_at, updated_at, degree_name) VALUES (8, 'Ongoing', 30, '1', CURRENT_TIMESTAMP, CURRENT_TIMESTAMP, 'Master of Science');
INSERT INTO Transcript (id, status, credits, year, created_at, updated_at, degree_name) VALUES (9, 'Ongoing', 10, '1', CURRENT_TIMESTAMP, CURRENT_TIMESTAMP, 'Doctor of Philosophy');
INSERT INTO Transcript (id, status, credits, year, created_at, updated_at, degree_name) VALUES (10, 'Concluded', 180, '3', CURRENT_TIMESTAMP, CURRENT_TIMESTAMP, 'Bachelor of Science');
INSERT INTO Transcript (id, status, credits, year, created_at, updated_at, degree_name) VALUES (11, 'Failing', 50, '3', CURRENT_TIMESTAMP, CURRENT_TIMESTAMP, 'Master of Science');
INSERT INTO Transcript (id, status, credits, year, created_at, updated_at, degree_name) VALUES (12, 'Ongoing', 20, '1', CURRENT_TIMESTAMP, CURRENT_TIMESTAMP, 'Doctor of Philosophy');
INSERT INTO Transcript (id, status, credits, year, created_at, updated_at, degree_name) VALUES (13, 'Ongoing', 95, '2', CURRENT_TIMESTAMP, CURRENT_TIMESTAMP, 'Bachelor of Science');
INSERT INTO Transcript (id, status, credits, year, created_at, updated_at, degree_name) VALUES (14, 'Failing', 55, '3', CURRENT_TIMESTAMP, CURRENT_TIMESTAMP, 'Master of Science');
INSERT INTO Transcript (id, status, credits, year, created_at, updated_at, degree_name) VALUES (15, 'Concluded', 25, '1', CURRENT_TIMESTAMP, CURRENT_TIMESTAMP, 'Doctor of Philosophy');
INSERT INTO Transcript (id, status, credits, year, created_at, updated_at, degree_name) VALUES (16, 'Concluded', 180, '3', CURRENT_TIMESTAMP, CURRENT_TIMESTAMP, 'Bachelor of Science');
INSERT INTO Transcript (id, status, credits, year, created_at, updated_at, degree_name) VALUES (17, 'Ongoing', 65, '2', CURRENT_TIMESTAMP, CURRENT_TIMESTAMP, 'Master of Science');
INSERT INTO Transcript (id, status, credits, year, created_at, updated_at, degree_name) VALUES (18, 'Concluded', 35, '1', CURRENT_TIMESTAMP, CURRENT_TIMESTAMP, 'Doctor of Philosophy');
INSERT INTO Transcript (id, status, credits, year, created_at, updated_at, degree_name) VALUES (19, 'Concluded', 180, '3', CURRENT_TIMESTAMP, CURRENT_TIMESTAMP, 'Bachelor of Science');
INSERT INTO Transcript (id, status, credits, year, created_at, updated_at, degree_name) VALUES (20, 'Ongoing', 60, '2', CURRENT_TIMESTAMP, CURRENT_TIMESTAMP, 'Master of Science');

INSERT INTO Student (id, name, surname, email) VALUES (1, 'Alice', 'Johnson', 'alice.johnson@unisample.com', 1);
INSERT INTO Student (id, name, surname, email) VALUES (2, 'Bob', 'Smith', 'bob.smith@unisample.com', 2);
INSERT INTO Student (id, name, surname, email) VALUES (3, 'Charlie', 'Brown', 'charlie.brown@unisample.com', 3);
INSERT INTO Student (id, name, surname, email) VALUES (4, 'Diana', 'Evans', 'diana.evans@unisample.com', 4);
INSERT INTO Student (id, name, surname, email) VALUES (5, 'Ethan', 'Wilson', 'ethan.wilson@unisample.com', 5);
INSERT INTO Student (id, name, surname, email) VALUES (6, 'Fiona', 'Taylor', 'fiona.taylor@unisample.com', 6);
INSERT INTO Student (id, name, surname, email) VALUES (7, 'George', 'Anderson', 'george.anderson@unisample.com', 7);
INSERT INTO Student (id, name, surname, email) VALUES (8, 'Hannah', 'Thomas', 'hannah.thomas@unisample.com', 8);
INSERT INTO Student (id, name, surname, email) VALUES (9, 'Ian', 'Martinez', 'ian.martinez@unisample.com', 9);
INSERT INTO Student (id, name, surname, email) VALUES (10, 'Julia', 'Garcia', 'julia.garcia@unisample.com', 10);
INSERT INTO Student (id, name, surname, email) VALUES (11, 'Kevin', 'Rodriguez', 'kevin.rodriguez@unisample.com', 11);
INSERT INTO Student (id, name, surname, email) VALUES (12, 'Laura', 'Martinez', 'laura.martinez@unisample.com', 12);
INSERT INTO Student (id, name, surname, email) VALUES (13, 'Michael', 'Brown', 'michael.brown@unisample.com', 13);
INSERT INTO Student (id, name, surname, email) VALUES (14, 'Nina', 'Wilson', 'nina.wilson@unisample.com', 14);
INSERT INTO Student (id, name, surname, email) VALUES (15, 'Oscar', 'Lee', 'oscar.lee@unisample.com', 15);
INSERT INTO Student (id, name, surname, email) VALUES (16, 'Paula', 'Harris', 'paula.harris@unisample.com', 16);
INSERT INTO Student (id, name, surname, email) VALUES (17, 'Quentin', 'Young', 'quentin.young@unisample.com', 17);
INSERT INTO Student (id, name, surname, email) VALUES (18, 'Rachel', 'King', 'rachel.king@unisample.com', 18);
INSERT INTO Student (id, name, surname, email) VALUES (19, 'Sam', 'Adams', 'sam.adams@unisample.com', 19);
INSERT INTO Student (id, name, surname, email) VALUES (20, 'Tina', 'Turner', 'tina.turner@unisample.com', 20);
